step,win_rate,lose_rate,draw_rate,acum_reward
26000,0.0,0.5,0.5,-27.66449546813965
27000,0.0,0.4000000059604645,0.6000000238418579,-8.767032623291016
28000,0.2000000029802322,0.6000000238418579,0.2000000029802322,-11.648591995239258
29000,0.1000000014901161,0.6000000238418579,0.3000000119209289,-10.41593074798584
30000,0.2000000029802322,0.6000000238418579,0.2000000029802322,-9.708807945251465
31000,0.1000000014901161,0.3000000119209289,0.6000000238418579,-13.591713905334473
32000,0.3000000119209289,0.6000000238418579,0.1000000014901161,-5.983412265777588
33000,0.1000000014901161,0.2000000029802322,0.699999988079071,-9.410531044006348
34000,0.1000000014901161,0.3000000119209289,0.6000000238418579,-15.529026985168455
35000,0.1000000014901161,0.3000000119209289,0.6000000238418579,-16.401630401611328
36000,0.0,0.3000000119209289,0.699999988079071,-15.19335651397705
37000,0.0,0.800000011920929,0.2000000029802322,-13.713089942932127
38000,0.2000000029802322,0.6000000238418579,0.2000000029802322,-11.545913696289062
39000,0.0,0.5,0.5,-14.124351501464844
40000,0.2000000029802322,0.4000000059604645,0.4000000059604645,-8.894838333129883
41000,0.1000000014901161,0.699999988079071,0.2000000029802322,-10.757145881652832
42000,0.2000000029802322,0.5,0.3000000119209289,-12.841398239135742
43000,0.0,0.4000000059604645,0.6000000238418579,-19.70647621154785
44000,0.0,0.800000011920929,0.2000000029802322,-19.90911865234375
45000,0.2000000029802322,0.1000000014901161,0.699999988079071,-7.689961910247803
46000,0.1000000014901161,0.4000000059604645,0.5,-13.643580436706545
47000,0.1000000014901161,0.6000000238418579,0.3000000119209289,-10.118372917175291
48000,0.1000000014901161,0.699999988079071,0.2000000029802322,-10.187948226928713
49000,0.2000000029802322,0.3000000119209289,0.5,-16.263912200927734
50000,0.2000000029802322,0.5,0.3000000119209289,-6.430548667907715
51000,0.0,0.4000000059604645,0.6000000238418579,-15.721303939819336
52000,0.1000000014901161,0.3000000119209289,0.6000000238418579,-17.37420654296875
53000,0.0,0.3000000119209289,0.699999988079071,-19.65708923339844
54000,0.1000000014901161,0.1000000014901161,0.800000011920929,-17.350215911865234
55000,0.0,0.4000000059604645,0.6000000238418579,-21.057159423828125
56000,0.0,0.5,0.5,-27.947189331054688
57000,0.2000000029802322,0.2000000029802322,0.6000000238418579,-8.399290084838867
58000,0.1000000014901161,0.2000000029802322,0.699999988079071,-19.516319274902344
59000,0.4000000059604645,0.4000000059604645,0.2000000029802322,-8.000316619873047
60000,0.1000000014901161,0.3000000119209289,0.6000000238418579,-11.515576362609863
61000,0.3000000119209289,0.1000000014901161,0.6000000238418579,-10.390557289123535
62000,0.0,0.5,0.5,-14.276068687438965
63000,0.1000000014901161,0.5,0.4000000059604645,-9.253294944763184
64000,0.4000000059604645,0.5,0.1000000014901161,-5.49512243270874
65000,0.1000000014901161,0.3000000119209289,0.6000000238418579,-20.722280502319336
66000,0.0,0.4000000059604645,0.6000000238418579,-21.46175193786621
67000,0.1000000014901161,0.4000000059604645,0.5,-17.440338134765625
68000,0.0,0.4000000059604645,0.6000000238418579,-18.437755584716797
69000,0.1000000014901161,0.2000000029802322,0.699999988079071,-20.637310028076172
70000,0.3000000119209289,0.1000000014901161,0.6000000238418579,-6.642472743988037
71000,0.0,0.2000000029802322,0.800000011920929,-18.387861251831055
72000,0.3000000119209289,0.1000000014901161,0.6000000238418579,-21.743074417114254
73000,0.1000000014901161,0.0,0.8999999761581421,-22.00725555419922
74000,0.3000000119209289,0.1000000014901161,0.6000000238418579,-11.60888385772705
75000,0.1000000014901161,0.2000000029802322,0.699999988079071,-19.4505672454834
76000,0.0,0.2000000029802322,0.800000011920929,-21.658140182495117
77000,0.0,0.5,0.5,-22.56407928466797
78000,0.2000000029802322,0.3000000119209289,0.5,-15.302289009094238
79000,0.1000000014901161,0.5,0.4000000059604645,-13.562836647033691
80000,0.1000000014901161,0.699999988079071,0.2000000029802322,-13.315221786499023
81000,0.2000000029802322,0.1000000014901161,0.699999988079071,-11.808956146240234
82000,0.1000000014901161,0.3000000119209289,0.6000000238418579,-13.10069179534912
83000,0.1000000014901161,0.3000000119209289,0.6000000238418579,-11.86960220336914
84000,0.1000000014901161,0.2000000029802322,0.699999988079071,-12.52507209777832
85000,0.2000000029802322,0.2000000029802322,0.6000000238418579,-13.087823867797852
86000,0.1000000014901161,0.3000000119209289,0.6000000238418579,-10.167442321777344
87000,0.1000000014901161,0.4000000059604645,0.5,-13.401671409606934
88000,0.1000000014901161,0.5,0.4000000059604645,-12.866448402404783
89000,0.1000000014901161,0.699999988079071,0.2000000029802322,-12.061602592468262
90000,0.0,0.3000000119209289,0.699999988079071,-14.685157775878906
91000,0.2000000029802322,0.2000000029802322,0.6000000238418579,-14.713455200195312
92000,0.0,0.699999988079071,0.3000000119209289,-13.255914688110352
93000,0.1000000014901161,0.4000000059604645,0.5,-15.166608810424805
94000,0.0,0.2000000029802322,0.800000011920929,-16.685039520263672
95000,0.2000000029802322,0.2000000029802322,0.6000000238418579,-5.220392227172852
96000,0.0,0.3000000119209289,0.699999988079071,-11.445785522460938
97000,0.1000000014901161,0.699999988079071,0.2000000029802322,-15.117029190063477
98000,0.1000000014901161,0.2000000029802322,0.699999988079071,-16.925365447998047
99000,0.0,0.2000000029802322,0.800000011920929,-21.957109451293945
100000,0.1000000014901161,0.3000000119209289,0.6000000238418579,-13.511187553405762
101000,0.1000000014901161,0.2000000029802322,0.699999988079071,-12.016700744628906
102000,0.1000000014901161,0.3000000119209289,0.6000000238418579,-17.728193283081055
103000,0.0,0.2000000029802322,0.800000011920929,-13.447101593017578
104000,0.2000000029802322,0.5,0.3000000119209289,-7.028741836547852
105000,0.2000000029802322,0.4000000059604645,0.4000000059604645,-9.969049453735352
106000,0.1000000014901161,0.4000000059604645,0.5,-7.170044422149658
107000,0.3000000119209289,0.3000000119209289,0.4000000059604645,-4.675357341766357
108000,0.4000000059604645,0.2000000029802322,0.4000000059604645,-2.8506083488464355
109000,0.2000000029802322,0.6000000238418579,0.2000000029802322,-12.842336654663086
110000,0.3000000119209289,0.5,0.2000000029802322,-4.780735015869141
111000,0.3000000119209289,0.699999988079071,0.0,-8.039552688598633
112000,0.2000000029802322,0.1000000014901161,0.699999988079071,-22.41768455505371
113000,0.3000000119209289,0.4000000059604645,0.3000000119209289,-5.744822978973389
114000,0.2000000029802322,0.4000000059604645,0.4000000059604645,-6.312369346618652
115000,0.1000000014901161,0.6000000238418579,0.3000000119209289,-16.03006362915039
116000,0.0,0.3000000119209289,0.699999988079071,-8.868022918701172
117000,0.2000000029802322,0.4000000059604645,0.4000000059604645,-5.563339710235596
118000,0.2000000029802322,0.3000000119209289,0.5,-14.44191551208496
119000,0.1000000014901161,0.5,0.4000000059604645,-13.10681438446045
120000,0.2000000029802322,0.4000000059604645,0.4000000059604645,-5.527486801147461
121000,0.3000000119209289,0.3000000119209289,0.4000000059604645,-6.978743076324463
122000,0.2000000029802322,0.2000000029802322,0.6000000238418579,-9.01016902923584
123000,0.3000000119209289,0.4000000059604645,0.3000000119209289,-3.535555839538574
124000,0.4000000059604645,0.4000000059604645,0.2000000029802322,-3.813779592514038
125000,0.4000000059604645,0.1000000014901161,0.5,1.043021321296692
126000,0.0,0.2000000029802322,0.800000011920929,-7.047204494476318
127000,0.4000000059604645,0.0,0.6000000238418579,-0.1341210454702377
128000,0.1000000014901161,0.4000000059604645,0.5,-6.728855609893799
129000,0.1000000014901161,0.1000000014901161,0.800000011920929,-3.427396059036255
130000,0.1000000014901161,0.3000000119209289,0.6000000238418579,-5.663855075836182
131000,0.1000000014901161,0.0,0.8999999761581421,-3.881178140640259
132000,0.1000000014901161,0.1000000014901161,0.800000011920929,-5.938065052032471
133000,0.1000000014901161,0.2000000029802322,0.699999988079071,-5.395139217376709
134000,0.1000000014901161,0.1000000014901161,0.800000011920929,-3.091714859008789
135000,0.3000000119209289,0.1000000014901161,0.6000000238418579,-2.258317470550537
136000,0.2000000029802322,0.1000000014901161,0.699999988079071,-2.9836814403533936
137000,0.1000000014901161,0.2000000029802322,0.699999988079071,-4.250419616699219
138000,0.0,0.0,1.0,-0.925262689590454
139000,0.0,0.2000000029802322,0.800000011920929,-6.508275032043457
140000,0.1000000014901161,0.0,0.8999999761581421,-2.802452087402344
141000,0.1000000014901161,0.3000000119209289,0.6000000238418579,-5.323996067047119
142000,0.2000000029802322,0.2000000029802322,0.6000000238418579,-3.6027016639709473
143000,0.3000000119209289,0.2000000029802322,0.5,-0.7271338701248169
144000,0.1000000014901161,0.3000000119209289,0.6000000238418579,-5.290675163269043
145000,0.0,0.0,1.0,-4.018033504486084
146000,0.1000000014901161,0.4000000059604645,0.5,-7.309609413146973
147000,0.1000000014901161,0.4000000059604645,0.5,-7.488029479980469
148000,0.2000000029802322,0.0,0.800000011920929,-1.056985855102539
149000,0.1000000014901161,0.0,0.8999999761581421,-2.1680757999420166
150000,0.0,0.0,1.0,-3.4918460845947266
151000,0.1000000014901161,0.1000000014901161,0.800000011920929,-3.4965741634368896
152000,0.0,0.0,1.0,-3.2774434089660645
153000,0.0,0.1000000014901161,0.8999999761581421,-4.458041191101074
154000,0.0,0.0,1.0,-2.551279783248902
155000,0.1000000014901161,0.0,0.8999999761581421,-1.1103880405426023
156000,0.0,0.0,1.0,-3.116373300552368
157000,0.3000000119209289,0.2000000029802322,0.5,-1.668629765510559
158000,0.2000000029802322,0.1000000014901161,0.699999988079071,-1.3066232204437256
159000,0.0,0.0,1.0,-2.2990925312042236
160000,0.0,0.0,1.0,-2.5996086597442627
161000,0.1000000014901161,0.0,0.8999999761581421,-0.8514136672019958
162000,0.1000000014901161,0.0,0.8999999761581421,-1.4981573820114136
163000,0.2000000029802322,0.1000000014901161,0.699999988079071,-1.9846445322036743
164000,0.1000000014901161,0.0,0.8999999761581421,-2.2554495334625244
165000,0.0,0.0,1.0,-6.568865776062012
166000,0.2000000029802322,0.0,0.800000011920929,-0.8656185865402222
167000,0.2000000029802322,0.0,0.800000011920929,-1.4620201587677002
168000,0.2000000029802322,0.0,0.800000011920929,-1.2442492246627808
169000,0.1000000014901161,0.0,0.8999999761581421,-1.841545343399048
170000,0.0,0.1000000014901161,0.8999999761581421,-4.7272796630859375
171000,0.4000000059604645,0.1000000014901161,0.5,0.5061026811599731
172000,0.2000000029802322,0.0,0.800000011920929,-1.7550816535949707
173000,0.0,0.0,1.0,-2.8291304111480713
174000,0.4000000059604645,0.1000000014901161,0.5,0.472143679857254
175000,0.0,0.0,1.0,-3.615009069442749
176000,0.2000000029802322,0.2000000029802322,0.6000000238418579,-2.1608083248138428
177000,0.0,0.0,1.0,-4.217650413513184
178000,0.3000000119209289,0.0,0.699999988079071,0.0571678467094898
179000,0.2000000029802322,0.2000000029802322,0.6000000238418579,-2.4922003746032715
180000,0.2000000029802322,0.1000000014901161,0.699999988079071,-2.794433116912842
181000,0.0,0.0,1.0,-5.032248020172119
182000,0.2000000029802322,0.0,0.800000011920929,-1.5995148420333862
183000,0.1000000014901161,0.1000000014901161,0.800000011920929,-3.362515926361084
184000,0.1000000014901161,0.0,0.8999999761581421,-1.13624370098114
185000,0.2000000029802322,0.0,0.800000011920929,-1.4660357236862185
186000,0.3000000119209289,0.2000000029802322,0.5,-2.8254106044769287
187000,0.3000000119209289,0.1000000014901161,0.6000000238418579,-0.5718415379524231
188000,0.1000000014901161,0.0,0.8999999761581421,-2.527313470840454
189000,0.2000000029802322,0.0,0.800000011920929,-0.8425180912017822
190000,0.3000000119209289,0.1000000014901161,0.6000000238418579,-1.2817753553390503
191000,0.2000000029802322,0.1000000014901161,0.699999988079071,-1.585524082183838
192000,0.2000000029802322,0.0,0.800000011920929,-0.9913320541381836
193000,0.4000000059604645,0.0,0.6000000238418579,0.8900952339172363
194000,0.3000000119209289,0.1000000014901161,0.6000000238418579,-1.7171642780303955
195000,0.6000000238418579,0.2000000029802322,0.2000000029802322,0.9298326969146729
196000,0.3000000119209289,0.0,0.699999988079071,-0.0585532411932945
197000,0.6000000238418579,0.1000000014901161,0.3000000119209289,2.7927844524383545
198000,0.4000000059604645,0.0,0.6000000238418579,1.5928080081939695
199000,0.4000000059604645,0.0,0.6000000238418579,1.0754338502883911
200000,0.0,0.1000000014901161,0.8999999761581421,-3.617207765579224
201000,0.5,0.0,0.5,3.4535329341888428
202000,0.2000000029802322,0.0,0.800000011920929,-0.1412015408277511
203000,0.1000000014901161,0.0,0.8999999761581421,-0.692874550819397
204000,0.2000000029802322,0.0,0.800000011920929,-0.5808046460151672
205000,0.6000000238418579,0.0,0.4000000059604645,3.6581199169158936
206000,0.4000000059604645,0.0,0.6000000238418579,1.960598349571228
207000,0.5,0.0,0.5,2.3813376426696777
208000,0.3000000119209289,0.0,0.699999988079071,0.842097282409668
209000,0.6000000238418579,0.1000000014901161,0.3000000119209289,2.8970835208892822
210000,0.699999988079071,0.0,0.3000000119209289,4.749295234680176
211000,0.800000011920929,0.0,0.2000000029802322,5.492190361022949
212000,0.4000000059604645,0.0,0.6000000238418579,1.0191045999526978
213000,0.5,0.0,0.5,3.2656755447387695
214000,0.3000000119209289,0.1000000014901161,0.6000000238418579,-0.5222289562225342
215000,0.2000000029802322,0.0,0.800000011920929,-1.36683189868927
216000,0.6000000238418579,0.0,0.4000000059604645,2.7391371726989746
217000,0.4000000059604645,0.0,0.6000000238418579,0.0289766676723957
218000,0.4000000059604645,0.0,0.6000000238418579,1.7877960205078125
219000,0.699999988079071,0.0,0.3000000119209289,5.014220714569092
220000,0.5,0.0,0.5,3.0310118198394775
221000,0.6000000238418579,0.0,0.4000000059604645,3.857164144515991
222000,0.5,0.1000000014901161,0.4000000059604645,1.994107127189636
223000,0.6000000238418579,0.0,0.4000000059604645,4.462879657745361
224000,0.5,0.0,0.5,2.8203961849212646
225000,0.3000000119209289,0.2000000029802322,0.5,-2.090411901473999
226000,0.6000000238418579,0.0,0.4000000059604645,3.366546869277954
227000,0.2000000029802322,0.1000000014901161,0.699999988079071,-1.424658179283142
228000,0.4000000059604645,0.1000000014901161,0.5,0.9061483144760132
229000,0.699999988079071,0.0,0.3000000119209289,4.544993877410889
230000,0.4000000059604645,0.0,0.6000000238418579,0.4235784709453583
231000,0.4000000059604645,0.0,0.6000000238418579,2.3846683502197266
232000,0.6000000238418579,0.0,0.4000000059604645,3.60103440284729
233000,0.3000000119209289,0.0,0.699999988079071,0.0377909354865551
234000,0.3000000119209289,0.2000000029802322,0.5,-2.0966334342956543
235000,1.0,0.0,0.0,8.060548782348633
236000,0.6000000238418579,0.1000000014901161,0.3000000119209289,2.1652073860168457
237000,0.8999999761581421,0.0,0.1000000014901161,7.35788631439209
238000,0.6000000238418579,0.0,0.4000000059604645,3.3964831829071045
239000,0.4000000059604645,0.1000000014901161,0.5,0.3610307574272156
240000,0.5,0.1000000014901161,0.4000000059604645,1.5690034627914429
241000,0.3000000119209289,0.1000000014901161,0.6000000238418579,-2.34360408782959
242000,0.6000000238418579,0.1000000014901161,0.3000000119209289,2.5276665687561035
243000,0.699999988079071,0.0,0.3000000119209289,4.749448776245117
244000,0.4000000059604645,0.0,0.6000000238418579,1.129392147064209
245000,0.5,0.0,0.5,2.876786708831787
246000,0.6000000238418579,0.0,0.4000000059604645,2.017972230911255
247000,0.5,0.0,0.5,2.6457982063293457
248000,0.6000000238418579,0.0,0.4000000059604645,3.4379029273986816
249000,0.4000000059604645,0.1000000014901161,0.5,1.0750175714492798
250000,0.5,0.1000000014901161,0.4000000059604645,2.0093562602996826
251000,0.5,0.0,0.5,3.043443441390991
252000,0.699999988079071,0.0,0.3000000119209289,5.259242534637451
253000,0.4000000059604645,0.0,0.6000000238418579,2.5582382678985596
254000,0.6000000238418579,0.1000000014901161,0.3000000119209289,2.9981861114501953
255000,0.800000011920929,0.0,0.2000000029802322,6.190457820892334
256000,0.5,0.0,0.5,2.937509059906006
257000,0.6000000238418579,0.0,0.4000000059604645,3.79256272315979
258000,0.6000000238418579,0.0,0.4000000059604645,3.976318836212158
259000,0.4000000059604645,0.1000000014901161,0.5,0.7322417497634888
260000,0.5,0.0,0.5,2.648069143295288
261000,0.5,0.0,0.5,2.8356845378875732
262000,0.800000011920929,0.0,0.2000000029802322,5.940939903259277
263000,0.699999988079071,0.0,0.3000000119209289,4.711614608764648
264000,0.6000000238418579,0.1000000014901161,0.3000000119209289,2.467099905014038
265000,1.0,0.0,0.0,8.499438285827637
266000,0.6000000238418579,0.0,0.4000000059604645,4.016894817352295
267000,0.6000000238418579,0.1000000014901161,0.3000000119209289,2.744958877563477
268000,0.699999988079071,0.0,0.3000000119209289,5.006228446960449
269000,0.699999988079071,0.0,0.3000000119209289,5.139059066772461
270000,0.6000000238418579,0.1000000014901161,0.3000000119209289,2.3907296657562256
271000,0.3000000119209289,0.3000000119209289,0.4000000059604645,-2.554469585418701
272000,0.800000011920929,0.0,0.2000000029802322,5.953502655029297
273000,0.800000011920929,0.1000000014901161,0.1000000014901161,5.3084611892700195
274000,0.4000000059604645,0.2000000029802322,0.4000000059604645,-0.5823208689689636
275000,0.4000000059604645,0.1000000014901161,0.5,0.4889899790287018
276000,0.6000000238418579,0.1000000014901161,0.3000000119209289,2.8809986114501953
277000,0.699999988079071,0.1000000014901161,0.2000000029802322,3.671906709671021
278000,0.4000000059604645,0.1000000014901161,0.5,0.3239834606647491
279000,0.699999988079071,0.0,0.3000000119209289,5.208141326904297
280000,0.5,0.0,0.5,2.7404470443725586
281000,0.800000011920929,0.0,0.2000000029802322,6.3779191970825195
282000,0.6000000238418579,0.0,0.4000000059604645,3.789886713027954
283000,0.6000000238418579,0.0,0.4000000059604645,3.921288013458252
284000,0.5,0.0,0.5,2.5991392135620117
285000,0.5,0.0,0.5,3.0181539058685303
286000,0.699999988079071,0.0,0.3000000119209289,5.030856132507324
287000,0.5,0.1000000014901161,0.4000000059604645,2.1849470138549805
288000,0.3000000119209289,0.0,0.699999988079071,0.8343237638473511
289000,0.4000000059604645,0.1000000014901161,0.5,-0.024478567764163
290000,0.699999988079071,0.0,0.3000000119209289,4.355886936187744
291000,0.5,0.1000000014901161,0.4000000059604645,2.4583733081817627
292000,0.5,0.1000000014901161,0.4000000059604645,1.4721494913101196
293000,0.6000000238418579,0.0,0.4000000059604645,3.831977367401123
294000,0.6000000238418579,0.0,0.4000000059604645,3.8089654445648193
295000,0.699999988079071,0.0,0.3000000119209289,5.278609752655029
296000,0.6000000238418579,0.1000000014901161,0.3000000119209289,1.937433838844299
297000,0.6000000238418579,0.0,0.4000000059604645,3.2488934993743896
298000,0.6000000238418579,0.2000000029802322,0.2000000029802322,2.107244968414306
299000,0.6000000238418579,0.0,0.4000000059604645,3.134190797805786
300000,0.4000000059604645,0.0,0.6000000238418579,0.4284780621528625
301000,0.5,0.1000000014901161,0.4000000059604645,1.4625294208526611
302000,0.800000011920929,0.0,0.2000000029802322,6.2107415199279785
303000,0.699999988079071,0.1000000014901161,0.2000000029802322,4.187551021575928
304000,0.8999999761581421,0.1000000014901161,0.0,6.319985389709473
305000,0.6000000238418579,0.1000000014901161,0.3000000119209289,2.09374475479126
306000,0.6000000238418579,0.2000000029802322,0.2000000029802322,1.536718726158142
307000,0.6000000238418579,0.1000000014901161,0.3000000119209289,2.5265188217163086
308000,0.699999988079071,0.1000000014901161,0.2000000029802322,4.2744550704956055
309000,0.6000000238418579,0.0,0.4000000059604645,3.844043731689453
310000,0.5,0.0,0.5,2.347522258758545
311000,0.699999988079071,0.0,0.3000000119209289,4.374769687652588
312000,0.699999988079071,0.0,0.3000000119209289,5.147709846496582
313000,0.699999988079071,0.0,0.3000000119209289,5.20247745513916
314000,0.800000011920929,0.0,0.2000000029802322,5.600625038146973
315000,0.699999988079071,0.2000000029802322,0.1000000014901161,2.3491830825805664
316000,0.800000011920929,0.0,0.2000000029802322,5.994818687438965
317000,0.8999999761581421,0.1000000014901161,0.0,6.300204277038574
318000,0.699999988079071,0.0,0.3000000119209289,5.134579181671143
319000,0.6000000238418579,0.1000000014901161,0.3000000119209289,2.5157530307769775
320000,0.800000011920929,0.1000000014901161,0.1000000014901161,4.432071208953857
321000,0.800000011920929,0.0,0.2000000029802322,6.489425182342529
322000,0.800000011920929,0.0,0.2000000029802322,6.169963359832764
323000,0.8999999761581421,0.1000000014901161,0.0,5.9713568687438965
324000,0.800000011920929,0.0,0.2000000029802322,5.679871559143066
325000,0.8999999761581421,0.0,0.1000000014901161,7.21611738204956
326000,0.699999988079071,0.1000000014901161,0.2000000029802322,4.438187122344971
327000,0.8999999761581421,0.1000000014901161,0.0,6.2605719566345215
328000,0.6000000238418579,0.0,0.4000000059604645,3.749687910079956
329000,0.6000000238418579,0.0,0.4000000059604645,3.328354835510254
330000,1.0,0.0,0.0,8.704584121704102
331000,0.8999999761581421,0.0,0.1000000014901161,7.310518741607666
332000,0.699999988079071,0.2000000029802322,0.1000000014901161,2.719491481781006
333000,0.800000011920929,0.0,0.2000000029802322,6.147944450378418
334000,0.800000011920929,0.1000000014901161,0.1000000014901161,5.352175712585449
335000,0.8999999761581421,0.1000000014901161,0.0,6.250777721405029
336000,0.699999988079071,0.0,0.3000000119209289,4.599808216094971
337000,1.0,0.0,0.0,8.661803245544434
338000,0.800000011920929,0.1000000014901161,0.1000000014901161,5.15670108795166
339000,1.0,0.0,0.0,9.025430679321287
340000,0.699999988079071,0.2000000029802322,0.1000000014901161,3.5919113159179688
341000,0.8999999761581421,0.0,0.1000000014901161,7.179133415222168
342000,0.8999999761581421,0.0,0.1000000014901161,7.264441013336182
343000,1.0,0.0,0.0,9.03671932220459
344000,0.8999999761581421,0.1000000014901161,0.0,6.7223029136657715
345000,1.0,0.0,0.0,8.535432815551758
346000,0.800000011920929,0.1000000014901161,0.1000000014901161,6.003884315490723
347000,0.8999999761581421,0.0,0.1000000014901161,7.316600322723389
348000,0.8999999761581421,0.0,0.1000000014901161,6.926934242248535
349000,0.800000011920929,0.2000000029802322,0.0,4.371819972991943
350000,0.6000000238418579,0.0,0.4000000059604645,4.989832878112793
351000,0.8999999761581421,0.0,0.1000000014901161,7.787393569946289
352000,0.699999988079071,0.1000000014901161,0.2000000029802322,3.729058980941773
353000,1.0,0.0,0.0,8.11258602142334
354000,1.0,0.0,0.0,9.11884880065918
355000,0.8999999761581421,0.1000000014901161,0.0,6.36005973815918
356000,0.3000000119209289,0.0,0.699999988079071,-0.2355753481388092
357000,0.8999999761581421,0.0,0.1000000014901161,7.3364996910095215
358000,0.800000011920929,0.1000000014901161,0.1000000014901161,5.199644088745117
359000,0.699999988079071,0.1000000014901161,0.2000000029802322,4.036038398742676
360000,1.0,0.0,0.0,9.112963676452637
361000,0.6000000238418579,0.2000000029802322,0.2000000029802322,0.8485528826713562
362000,0.800000011920929,0.2000000029802322,0.0,4.712156772613525
363000,0.800000011920929,0.1000000014901161,0.1000000014901161,5.413372039794922
364000,1.0,0.0,0.0,8.711226463317871
365000,1.0,0.0,0.0,8.950366020202637
366000,1.0,0.0,0.0,8.168648719787598
367000,0.6000000238418579,0.0,0.4000000059604645,-0.7197745442390442
368000,0.699999988079071,0.0,0.3000000119209289,-0.6085917949676514
369000,0.699999988079071,0.0,0.3000000119209289,-1.6531453132629397
370000,0.8999999761581421,0.0,0.1000000014901161,7.88570499420166
371000,0.8999999761581421,0.0,0.1000000014901161,7.3103837966918945
372000,1.0,0.0,0.0,8.698507308959961
373000,1.0,0.0,0.0,8.720009803771973
374000,1.0,0.0,0.0,8.888755798339844
375000,0.8999999761581421,0.0,0.1000000014901161,7.221660137176514
376000,0.8999999761581421,0.0,0.1000000014901161,6.975029945373535
377000,0.800000011920929,0.0,0.2000000029802322,5.9395599365234375
378000,1.0,0.0,0.0,8.391036987304688
379000,0.800000011920929,0.1000000014901161,0.1000000014901161,4.919512748718262
380000,1.0,0.0,0.0,9.424055099487305
381000,1.0,0.0,0.0,9.155726432800291
382000,1.0,0.0,0.0,9.338944435119627
383000,0.8999999761581421,0.1000000014901161,0.0,7.1863932609558105
384000,0.800000011920929,0.1000000014901161,0.1000000014901161,5.357230186462402
385000,0.8999999761581421,0.1000000014901161,0.0,7.248529434204102
386000,1.0,0.0,0.0,9.423335075378418
387000,1.0,0.0,0.0,9.30003833770752
388000,0.8999999761581421,0.0,0.1000000014901161,8.268243789672852
389000,0.8999999761581421,0.0,0.1000000014901161,7.789074420928955
390000,1.0,0.0,0.0,9.164107322692873
391000,1.0,0.0,0.0,9.016188621520996
392000,1.0,0.0,0.0,9.457781791687012
393000,1.0,0.0,0.0,8.938141822814941
394000,1.0,0.0,0.0,9.16981315612793
395000,1.0,0.0,0.0,8.702706336975098
396000,1.0,0.0,0.0,9.116838455200195
397000,0.8999999761581421,0.1000000014901161,0.0,6.769616603851318
398000,1.0,0.0,0.0,9.085437774658203
399000,1.0,0.0,0.0,9.142867088317873
400000,1.0,0.0,0.0,9.411280632019045
401000,0.8999999761581421,0.1000000014901161,0.0,6.856991291046143
402000,0.8999999761581421,0.1000000014901161,0.0,6.841202735900879
403000,1.0,0.0,0.0,9.144304275512695
404000,1.0,0.0,0.0,8.308369636535645
405000,1.0,0.0,0.0,9.16589069366455
406000,1.0,0.0,0.0,9.24151611328125
407000,1.0,0.0,0.0,9.157706260681152
408000,1.0,0.0,0.0,9.096590995788574
409000,1.0,0.0,0.0,9.36219882965088
410000,1.0,0.0,0.0,9.263471603393556
411000,1.0,0.0,0.0,8.872991561889648
412000,1.0,0.0,0.0,9.375958442687988
413000,1.0,0.0,0.0,9.16167163848877
414000,1.0,0.0,0.0,9.418373107910156
415000,1.0,0.0,0.0,8.84614086151123
416000,1.0,0.0,0.0,9.240967750549316
417000,1.0,0.0,0.0,9.19378662109375
418000,0.8999999761581421,0.0,0.1000000014901161,8.135194778442383
419000,1.0,0.0,0.0,9.45688819885254
420000,1.0,0.0,0.0,8.99252986907959
421000,1.0,0.0,0.0,9.46777629852295
422000,1.0,0.0,0.0,9.437821388244627
423000,1.0,0.0,0.0,9.409159660339355
424000,1.0,0.0,0.0,9.27493953704834
425000,1.0,0.0,0.0,9.155339241027832
426000,1.0,0.0,0.0,9.451153755187988
427000,1.0,0.0,0.0,9.389959335327148
428000,1.0,0.0,0.0,9.44797420501709
429000,1.0,0.0,0.0,9.306241035461426
430000,0.8999999761581421,0.0,0.1000000014901161,8.460676193237305
431000,1.0,0.0,0.0,9.34984302520752
432000,1.0,0.0,0.0,9.38400650024414
433000,1.0,0.0,0.0,9.418953895568848
434000,1.0,0.0,0.0,9.406848907470703
435000,1.0,0.0,0.0,9.401734352111816
436000,1.0,0.0,0.0,9.4097261428833
437000,1.0,0.0,0.0,9.445551872253418
438000,1.0,0.0,0.0,9.40766716003418
439000,1.0,0.0,0.0,9.192384719848633
440000,1.0,0.0,0.0,9.31860065460205
441000,1.0,0.0,0.0,9.463982582092283
442000,1.0,0.0,0.0,9.418557167053224
443000,1.0,0.0,0.0,9.393572807312012
444000,1.0,0.0,0.0,9.342260360717772
445000,1.0,0.0,0.0,9.479456901550291
446000,0.8999999761581421,0.1000000014901161,0.0,7.304687023162842
447000,1.0,0.0,0.0,9.378686904907228
448000,1.0,0.0,0.0,9.408743858337402
449000,1.0,0.0,0.0,9.346709251403809
450000,1.0,0.0,0.0,9.21306610107422
451000,1.0,0.0,0.0,9.335670471191406
452000,1.0,0.0,0.0,9.399880409240724
453000,1.0,0.0,0.0,9.364816665649414
454000,1.0,0.0,0.0,9.197053909301758
455000,1.0,0.0,0.0,9.296985626220703
456000,1.0,0.0,0.0,9.400506019592283
457000,1.0,0.0,0.0,9.194818496704102
458000,1.0,0.0,0.0,9.371113777160645
459000,1.0,0.0,0.0,9.39507007598877
460000,1.0,0.0,0.0,9.165352821350098
461000,1.0,0.0,0.0,9.424675941467283
462000,1.0,0.0,0.0,9.453965187072754
463000,1.0,0.0,0.0,9.442743301391602
464000,1.0,0.0,0.0,9.439868927001951
465000,1.0,0.0,0.0,9.286084175109863
466000,1.0,0.0,0.0,9.42180633544922
467000,1.0,0.0,0.0,9.455716133117676
468000,1.0,0.0,0.0,9.36005401611328
469000,1.0,0.0,0.0,9.056585311889648
470000,1.0,0.0,0.0,9.37403392791748
471000,1.0,0.0,0.0,9.369987487792969
472000,1.0,0.0,0.0,8.922877311706543
473000,1.0,0.0,0.0,9.405909538269045
474000,1.0,0.0,0.0,9.4078950881958
475000,1.0,0.0,0.0,9.287665367126465
476000,1.0,0.0,0.0,9.528966903686523
477000,1.0,0.0,0.0,9.008743286132812
478000,1.0,0.0,0.0,9.446213722229004
479000,1.0,0.0,0.0,9.414987564086914
480000,1.0,0.0,0.0,9.393235206604004
481000,1.0,0.0,0.0,9.5615234375
482000,1.0,0.0,0.0,9.444602012634276
483000,1.0,0.0,0.0,9.107370376586914
484000,1.0,0.0,0.0,9.425626754760742
485000,1.0,0.0,0.0,9.154991149902344
486000,1.0,0.0,0.0,9.39159107208252
487000,1.0,0.0,0.0,9.179654121398926
488000,1.0,0.0,0.0,9.500420570373535
489000,1.0,0.0,0.0,9.450324058532717
490000,0.8999999761581421,0.1000000014901161,0.0,7.42037296295166
491000,1.0,0.0,0.0,9.455278396606444
492000,1.0,0.0,0.0,9.44566249847412
493000,1.0,0.0,0.0,9.493301391601562
494000,1.0,0.0,0.0,9.30238914489746
495000,1.0,0.0,0.0,9.534282684326172
496000,1.0,0.0,0.0,9.329671859741213
497000,0.8999999761581421,0.1000000014901161,0.0,7.377497673034668
498000,1.0,0.0,0.0,9.532684326171877
499000,1.0,0.0,0.0,9.540300369262695
500000,1.0,0.0,0.0,9.363991737365724
501000,1.0,0.0,0.0,9.48098373413086
502000,1.0,0.0,0.0,9.445541381835938
503000,1.0,0.0,0.0,9.427864074707031
504000,1.0,0.0,0.0,9.323654174804688
505000,1.0,0.0,0.0,9.559100151062012
506000,1.0,0.0,0.0,9.396000862121582
507000,1.0,0.0,0.0,9.441083908081056
508000,1.0,0.0,0.0,9.567635536193848
509000,1.0,0.0,0.0,9.504135131835938
510000,1.0,0.0,0.0,9.411649703979492
511000,1.0,0.0,0.0,9.441283226013184
512000,1.0,0.0,0.0,9.414345741271973
513000,1.0,0.0,0.0,9.435755729675291
514000,1.0,0.0,0.0,9.351786613464355
515000,1.0,0.0,0.0,9.439278602600098
516000,1.0,0.0,0.0,9.336747169494627
517000,0.8999999761581421,0.1000000014901161,0.0,7.499356746673584
518000,1.0,0.0,0.0,9.438438415527344
519000,1.0,0.0,0.0,9.446925163269045
520000,1.0,0.0,0.0,9.388779640197754
521000,1.0,0.0,0.0,9.20183563232422
522000,1.0,0.0,0.0,9.45242404937744
523000,1.0,0.0,0.0,9.362589836120604
524000,1.0,0.0,0.0,9.214929580688477
525000,1.0,0.0,0.0,9.337833404541016
526000,1.0,0.0,0.0,9.299430847167969
527000,0.8999999761581421,0.1000000014901161,0.0,7.064866542816162
528000,1.0,0.0,0.0,9.431962966918944
529000,1.0,0.0,0.0,9.179473876953123
530000,1.0,0.0,0.0,9.491422653198242
531000,1.0,0.0,0.0,9.29908561706543
532000,1.0,0.0,0.0,9.499564170837402
533000,1.0,0.0,0.0,9.440378189086914
534000,1.0,0.0,0.0,9.166241645812988
535000,1.0,0.0,0.0,9.426663398742676
536000,1.0,0.0,0.0,9.201871871948242
537000,1.0,0.0,0.0,9.522479057312012
538000,1.0,0.0,0.0,9.38075351715088
539000,1.0,0.0,0.0,9.29861068725586
540000,1.0,0.0,0.0,9.417570114135742
541000,1.0,0.0,0.0,9.421952247619627
542000,1.0,0.0,0.0,9.439597129821776
543000,1.0,0.0,0.0,9.419933319091797
544000,1.0,0.0,0.0,9.36418342590332
545000,1.0,0.0,0.0,9.420751571655272
546000,1.0,0.0,0.0,9.399086952209473
547000,1.0,0.0,0.0,9.19118309020996
548000,1.0,0.0,0.0,9.41811752319336
549000,1.0,0.0,0.0,9.558982849121094
550000,1.0,0.0,0.0,9.466784477233888
551000,1.0,0.0,0.0,9.46737003326416
552000,1.0,0.0,0.0,9.48402976989746
553000,1.0,0.0,0.0,9.46341323852539
554000,1.0,0.0,0.0,9.427779197692873
555000,1.0,0.0,0.0,9.469303131103516
556000,1.0,0.0,0.0,9.444311141967772
557000,1.0,0.0,0.0,9.439221382141112
558000,1.0,0.0,0.0,9.233813285827637
559000,1.0,0.0,0.0,9.373519897460938
560000,1.0,0.0,0.0,9.523859977722168
561000,1.0,0.0,0.0,9.283407211303713
562000,1.0,0.0,0.0,9.46088409423828
563000,1.0,0.0,0.0,9.447236061096191
564000,1.0,0.0,0.0,9.54530143737793
565000,1.0,0.0,0.0,9.592192649841309
566000,1.0,0.0,0.0,9.43224811553955
567000,1.0,0.0,0.0,9.482540130615234
568000,1.0,0.0,0.0,9.49462604522705
569000,1.0,0.0,0.0,9.41371726989746
570000,1.0,0.0,0.0,9.452013969421388
571000,1.0,0.0,0.0,9.41299819946289
572000,1.0,0.0,0.0,9.42717742919922
573000,1.0,0.0,0.0,9.345013618469238
574000,1.0,0.0,0.0,9.47474479675293
575000,1.0,0.0,0.0,9.301830291748049
576000,1.0,0.0,0.0,9.461928367614746
577000,1.0,0.0,0.0,9.212258338928224
578000,1.0,0.0,0.0,9.48447322845459
579000,1.0,0.0,0.0,9.395513534545898
580000,1.0,0.0,0.0,9.358266830444336
581000,1.0,0.0,0.0,9.426265716552734
582000,1.0,0.0,0.0,9.428629875183104
583000,0.800000011920929,0.2000000029802322,0.0,5.427985668182373
584000,1.0,0.0,0.0,8.977829933166504
585000,1.0,0.0,0.0,9.472286224365234
586000,1.0,0.0,0.0,9.206623077392578
587000,1.0,0.0,0.0,9.4835205078125
588000,1.0,0.0,0.0,9.36391830444336
589000,1.0,0.0,0.0,9.442153930664062
590000,1.0,0.0,0.0,9.415875434875488
591000,1.0,0.0,0.0,9.37269687652588
592000,1.0,0.0,0.0,9.40843105316162
593000,1.0,0.0,0.0,9.490555763244627
594000,1.0,0.0,0.0,9.548161506652832
595000,1.0,0.0,0.0,9.505764961242676
596000,1.0,0.0,0.0,9.3411865234375
597000,1.0,0.0,0.0,9.448108673095703
598000,1.0,0.0,0.0,9.442787170410156
599000,1.0,0.0,0.0,9.467694282531738
600000,1.0,0.0,0.0,9.43211555480957
601000,1.0,0.0,0.0,9.535242080688477
602000,1.0,0.0,0.0,9.399321556091309
603000,1.0,0.0,0.0,9.34626579284668
604000,1.0,0.0,0.0,9.480594635009766
605000,1.0,0.0,0.0,9.4148588180542
606000,1.0,0.0,0.0,9.57056713104248
607000,1.0,0.0,0.0,9.471999168395996
608000,1.0,0.0,0.0,9.415671348571776
609000,1.0,0.0,0.0,9.37335205078125
610000,1.0,0.0,0.0,9.429841995239258
611000,1.0,0.0,0.0,9.36384391784668
612000,1.0,0.0,0.0,9.485448837280272
613000,1.0,0.0,0.0,9.285077095031738
614000,1.0,0.0,0.0,9.409019470214844
615000,1.0,0.0,0.0,9.386499404907228
616000,1.0,0.0,0.0,9.449068069458008
617000,1.0,0.0,0.0,9.38429832458496
618000,1.0,0.0,0.0,9.445048332214355
619000,1.0,0.0,0.0,9.559366226196287
620000,1.0,0.0,0.0,9.52299976348877
621000,1.0,0.0,0.0,9.339395523071287
622000,1.0,0.0,0.0,9.319433212280272
623000,1.0,0.0,0.0,9.353384017944336
624000,1.0,0.0,0.0,9.152036666870115
625000,1.0,0.0,0.0,9.391407012939451
626000,1.0,0.0,0.0,9.266131401062012
627000,1.0,0.0,0.0,9.484333038330078
628000,1.0,0.0,0.0,9.509600639343262
629000,1.0,0.0,0.0,9.40968132019043
630000,1.0,0.0,0.0,9.440508842468262
631000,1.0,0.0,0.0,9.50961685180664
632000,1.0,0.0,0.0,9.492568969726562
633000,1.0,0.0,0.0,9.205031394958496
634000,1.0,0.0,0.0,9.5531005859375
635000,1.0,0.0,0.0,9.45523738861084
636000,1.0,0.0,0.0,9.551079750061035
637000,1.0,0.0,0.0,9.494711875915527
638000,1.0,0.0,0.0,9.463894844055176
639000,1.0,0.0,0.0,9.497614860534668
640000,1.0,0.0,0.0,9.43166160583496
641000,1.0,0.0,0.0,9.203582763671877
642000,1.0,0.0,0.0,9.438138008117676
643000,1.0,0.0,0.0,9.499066352844238
644000,1.0,0.0,0.0,9.435876846313477
645000,1.0,0.0,0.0,9.437207221984863
646000,0.8999999761581421,0.0,0.1000000014901161,7.9809136390686035
647000,1.0,0.0,0.0,9.54800033569336
648000,1.0,0.0,0.0,9.455079078674316
649000,1.0,0.0,0.0,9.311817169189451
650000,1.0,0.0,0.0,9.428747177124023
651000,0.8999999761581421,0.1000000014901161,0.0,7.478405952453613
652000,1.0,0.0,0.0,9.410752296447754
653000,1.0,0.0,0.0,9.267324447631836
654000,1.0,0.0,0.0,9.450278282165527
655000,1.0,0.0,0.0,9.415382385253906
656000,1.0,0.0,0.0,9.461576461791992
657000,1.0,0.0,0.0,9.41943645477295
658000,1.0,0.0,0.0,9.434142112731934
659000,1.0,0.0,0.0,9.451126098632812
660000,0.8999999761581421,0.1000000014901161,0.0,7.572765827178955
661000,1.0,0.0,0.0,9.395930290222168
662000,1.0,0.0,0.0,9.42498779296875
663000,0.8999999761581421,0.0,0.1000000014901161,8.199326515197754
664000,1.0,0.0,0.0,9.47126579284668
665000,1.0,0.0,0.0,9.412398338317873
666000,1.0,0.0,0.0,9.534868240356444
667000,1.0,0.0,0.0,9.461713790893556
668000,1.0,0.0,0.0,9.577746391296388
669000,1.0,0.0,0.0,9.451653480529783
670000,1.0,0.0,0.0,9.381369590759276
671000,1.0,0.0,0.0,9.455289840698242
672000,1.0,0.0,0.0,9.40499782562256
673000,1.0,0.0,0.0,9.53426742553711
674000,1.0,0.0,0.0,9.27402114868164
675000,1.0,0.0,0.0,9.43797779083252
676000,1.0,0.0,0.0,9.502038955688477
677000,1.0,0.0,0.0,9.44734001159668
678000,1.0,0.0,0.0,9.483384132385254
679000,1.0,0.0,0.0,9.54991340637207
680000,1.0,0.0,0.0,9.475360870361328
681000,1.0,0.0,0.0,9.591273307800291
682000,1.0,0.0,0.0,9.485991477966309
683000,1.0,0.0,0.0,9.35688018798828
684000,1.0,0.0,0.0,9.41360092163086
685000,1.0,0.0,0.0,9.337616920471191
686000,1.0,0.0,0.0,9.499507904052734
687000,1.0,0.0,0.0,9.578218460083008
688000,1.0,0.0,0.0,9.45795726776123
689000,1.0,0.0,0.0,9.45041847229004
690000,1.0,0.0,0.0,9.468841552734377
691000,1.0,0.0,0.0,9.576712608337402
692000,1.0,0.0,0.0,9.56042194366455
693000,1.0,0.0,0.0,9.53372287750244
694000,1.0,0.0,0.0,9.050540924072266
695000,0.8999999761581421,0.1000000014901161,0.0,7.214175224304199
696000,1.0,0.0,0.0,9.477706909179688
697000,1.0,0.0,0.0,9.487045288085938
698000,1.0,0.0,0.0,9.46517276763916
699000,1.0,0.0,0.0,9.443309783935549
700000,1.0,0.0,0.0,9.490614891052246
701000,1.0,0.0,0.0,9.330541610717772
702000,1.0,0.0,0.0,9.392217636108398
703000,1.0,0.0,0.0,9.479187965393066
704000,1.0,0.0,0.0,9.333369255065918
705000,1.0,0.0,0.0,9.565753936767578
706000,1.0,0.0,0.0,9.331185340881348
707000,1.0,0.0,0.0,9.56919288635254
708000,1.0,0.0,0.0,9.423898696899414
709000,1.0,0.0,0.0,9.42330265045166
710000,1.0,0.0,0.0,9.5496244430542
711000,1.0,0.0,0.0,9.52517795562744
712000,1.0,0.0,0.0,9.54136085510254
713000,1.0,0.0,0.0,9.203009605407717
714000,1.0,0.0,0.0,9.479286193847656
715000,1.0,0.0,0.0,9.385637283325195
716000,1.0,0.0,0.0,9.510685920715332
717000,1.0,0.0,0.0,9.256155014038086
718000,1.0,0.0,0.0,9.373811721801758
719000,1.0,0.0,0.0,9.475276947021484
720000,1.0,0.0,0.0,9.536458969116213
721000,1.0,0.0,0.0,9.35362720489502
722000,1.0,0.0,0.0,9.468689918518066
723000,1.0,0.0,0.0,9.268880844116213
724000,1.0,0.0,0.0,9.426684379577637
725000,1.0,0.0,0.0,9.49286937713623
726000,1.0,0.0,0.0,9.368273735046388
727000,1.0,0.0,0.0,9.422770500183104
728000,1.0,0.0,0.0,9.476951599121094
729000,1.0,0.0,0.0,9.441749572753906
730000,1.0,0.0,0.0,9.463346481323242
731000,1.0,0.0,0.0,9.486713409423828
732000,1.0,0.0,0.0,9.540983200073242
733000,1.0,0.0,0.0,9.50864601135254
734000,1.0,0.0,0.0,9.481778144836426
735000,1.0,0.0,0.0,9.437629699707031
736000,1.0,0.0,0.0,9.438206672668455
737000,1.0,0.0,0.0,9.47789192199707
738000,1.0,0.0,0.0,9.33056926727295
739000,1.0,0.0,0.0,9.64963722229004
740000,1.0,0.0,0.0,9.448026657104492
741000,1.0,0.0,0.0,9.608539581298828
742000,1.0,0.0,0.0,9.22433090209961
743000,1.0,0.0,0.0,9.44670581817627
744000,1.0,0.0,0.0,9.429864883422852
745000,1.0,0.0,0.0,9.444979667663574
746000,1.0,0.0,0.0,9.535439491271973
747000,1.0,0.0,0.0,9.259151458740234
748000,1.0,0.0,0.0,9.323474884033203
749000,1.0,0.0,0.0,9.336589813232422
750000,1.0,0.0,0.0,9.417089462280272
751000,1.0,0.0,0.0,9.57645034790039
752000,1.0,0.0,0.0,9.479846954345703
753000,1.0,0.0,0.0,9.477538108825684
754000,1.0,0.0,0.0,9.463944435119627
755000,1.0,0.0,0.0,9.58377170562744
756000,1.0,0.0,0.0,9.239107131958008
757000,1.0,0.0,0.0,9.371362686157228
758000,1.0,0.0,0.0,9.325093269348145
759000,1.0,0.0,0.0,9.321334838867188
760000,1.0,0.0,0.0,9.442337036132812
761000,1.0,0.0,0.0,9.016379356384276
762000,1.0,0.0,0.0,9.539220809936523
763000,1.0,0.0,0.0,9.63772964477539
764000,1.0,0.0,0.0,9.576811790466309
765000,1.0,0.0,0.0,9.50479793548584
766000,1.0,0.0,0.0,9.422188758850098
767000,1.0,0.0,0.0,9.527162551879885
768000,1.0,0.0,0.0,9.401188850402832
769000,1.0,0.0,0.0,9.389230728149414
770000,1.0,0.0,0.0,9.36218547821045
771000,1.0,0.0,0.0,9.477775573730469
772000,1.0,0.0,0.0,9.479708671569824
773000,1.0,0.0,0.0,9.534422874450684
774000,1.0,0.0,0.0,9.472718238830566
775000,1.0,0.0,0.0,9.474796295166016
776000,1.0,0.0,0.0,9.480263710021973
777000,1.0,0.0,0.0,9.57992935180664
778000,1.0,0.0,0.0,9.470568656921388
779000,1.0,0.0,0.0,9.376676559448242
780000,1.0,0.0,0.0,9.455726623535156
781000,1.0,0.0,0.0,9.475659370422363
782000,1.0,0.0,0.0,9.488527297973633
783000,1.0,0.0,0.0,9.421953201293944
784000,1.0,0.0,0.0,9.509540557861328
785000,1.0,0.0,0.0,9.300104141235352
786000,0.8999999761581421,0.1000000014901161,0.0,7.350182056427002
787000,1.0,0.0,0.0,9.357343673706056
788000,1.0,0.0,0.0,9.46597671508789
789000,1.0,0.0,0.0,9.531974792480469
790000,1.0,0.0,0.0,9.483671188354492
791000,1.0,0.0,0.0,9.47696304321289
792000,1.0,0.0,0.0,9.415933609008787
793000,1.0,0.0,0.0,9.479255676269531
794000,1.0,0.0,0.0,9.331442832946776
795000,1.0,0.0,0.0,9.510604858398438
796000,1.0,0.0,0.0,9.510077476501465
797000,1.0,0.0,0.0,9.360145568847656
798000,1.0,0.0,0.0,9.478367805480955
799000,1.0,0.0,0.0,9.163589477539062
800000,1.0,0.0,0.0,9.323573112487791
801000,1.0,0.0,0.0,9.46260929107666
802000,1.0,0.0,0.0,9.462608337402344
803000,1.0,0.0,0.0,9.436180114746094
804000,1.0,0.0,0.0,9.492465019226074
805000,1.0,0.0,0.0,9.429182052612305
806000,1.0,0.0,0.0,9.465662956237791
807000,1.0,0.0,0.0,9.592249870300291
808000,1.0,0.0,0.0,9.512535095214844
809000,1.0,0.0,0.0,9.512669563293455
810000,1.0,0.0,0.0,9.44406795501709
811000,1.0,0.0,0.0,9.501906394958496
812000,1.0,0.0,0.0,9.525702476501465
813000,1.0,0.0,0.0,9.39599895477295
814000,1.0,0.0,0.0,9.454355239868164
815000,1.0,0.0,0.0,9.464043617248535
816000,1.0,0.0,0.0,9.472538948059082
817000,1.0,0.0,0.0,9.467585563659668
818000,1.0,0.0,0.0,9.508532524108888
819000,1.0,0.0,0.0,9.514619827270508
820000,1.0,0.0,0.0,9.59488296508789
821000,1.0,0.0,0.0,9.447501182556152
822000,1.0,0.0,0.0,9.54677963256836
823000,1.0,0.0,0.0,9.481678009033203
824000,1.0,0.0,0.0,9.538601875305176
825000,0.8999999761581421,0.1000000014901161,0.0,7.229442119598389
826000,1.0,0.0,0.0,9.415777206420898
827000,1.0,0.0,0.0,9.476900100708008
828000,1.0,0.0,0.0,9.48728084564209
829000,1.0,0.0,0.0,9.51784610748291
830000,1.0,0.0,0.0,9.519354820251465
831000,1.0,0.0,0.0,9.503119468688965
832000,1.0,0.0,0.0,9.516831398010254
833000,1.0,0.0,0.0,9.586994171142578
834000,1.0,0.0,0.0,9.461342811584473
835000,1.0,0.0,0.0,9.583511352539062
836000,1.0,0.0,0.0,9.501998901367188
837000,1.0,0.0,0.0,9.581933975219728
838000,1.0,0.0,0.0,9.374845504760742
839000,1.0,0.0,0.0,9.549959182739258
840000,1.0,0.0,0.0,9.285078048706056
841000,1.0,0.0,0.0,9.113286972045898
842000,1.0,0.0,0.0,9.461915016174316
843000,1.0,0.0,0.0,9.57003116607666
844000,1.0,0.0,0.0,9.479299545288086
845000,1.0,0.0,0.0,9.63298511505127
846000,1.0,0.0,0.0,9.413405418395996
847000,1.0,0.0,0.0,9.520386695861816
848000,1.0,0.0,0.0,9.503934860229492
849000,1.0,0.0,0.0,9.481231689453123
850000,1.0,0.0,0.0,9.422795295715332
851000,1.0,0.0,0.0,9.402548789978027
852000,1.0,0.0,0.0,9.560746192932127
853000,1.0,0.0,0.0,9.470040321350098
854000,1.0,0.0,0.0,9.452529907226562
855000,1.0,0.0,0.0,9.366900444030762
856000,1.0,0.0,0.0,9.636597633361816
857000,1.0,0.0,0.0,9.464105606079102
858000,1.0,0.0,0.0,9.448264122009276
859000,1.0,0.0,0.0,9.598393440246582
860000,1.0,0.0,0.0,9.51548957824707
861000,1.0,0.0,0.0,9.523015975952148
862000,1.0,0.0,0.0,9.505422592163086
863000,1.0,0.0,0.0,9.484469413757324
864000,1.0,0.0,0.0,9.419492721557615
865000,1.0,0.0,0.0,9.553194046020508
866000,1.0,0.0,0.0,9.467063903808594
867000,1.0,0.0,0.0,9.517136573791504
868000,1.0,0.0,0.0,9.43124008178711
869000,1.0,0.0,0.0,9.576440811157228
870000,1.0,0.0,0.0,9.608579635620115
871000,1.0,0.0,0.0,9.62180995941162
872000,1.0,0.0,0.0,9.49321460723877
873000,1.0,0.0,0.0,9.446900367736816
874000,1.0,0.0,0.0,9.50004768371582
875000,1.0,0.0,0.0,9.432401657104492
876000,1.0,0.0,0.0,9.41275119781494
877000,1.0,0.0,0.0,9.557722091674805
878000,1.0,0.0,0.0,9.47298526763916
879000,1.0,0.0,0.0,9.51661205291748
880000,1.0,0.0,0.0,9.489791870117188
881000,1.0,0.0,0.0,9.424342155456545
882000,1.0,0.0,0.0,9.477102279663086
883000,1.0,0.0,0.0,9.471672058105469
884000,1.0,0.0,0.0,9.45555591583252
885000,1.0,0.0,0.0,9.49303150177002
886000,1.0,0.0,0.0,9.510265350341797
887000,1.0,0.0,0.0,9.468137741088867
888000,1.0,0.0,0.0,9.467957496643066
889000,1.0,0.0,0.0,9.456878662109377
890000,1.0,0.0,0.0,9.471968650817873
891000,1.0,0.0,0.0,9.550813674926758
892000,1.0,0.0,0.0,9.621930122375488
893000,1.0,0.0,0.0,9.466455459594728
894000,1.0,0.0,0.0,9.503859519958496
895000,1.0,0.0,0.0,9.484041213989258
896000,1.0,0.0,0.0,9.433237075805664
897000,1.0,0.0,0.0,9.274240493774414
898000,1.0,0.0,0.0,9.594077110290527
899000,1.0,0.0,0.0,9.59165859222412
900000,1.0,0.0,0.0,9.46325969696045
901000,1.0,0.0,0.0,9.47052764892578
902000,1.0,0.0,0.0,9.45766544342041
903000,1.0,0.0,0.0,9.621541023254396
904000,1.0,0.0,0.0,9.51747226715088
905000,1.0,0.0,0.0,9.49829387664795
906000,1.0,0.0,0.0,9.588496208190918
907000,1.0,0.0,0.0,9.156294822692873
908000,1.0,0.0,0.0,9.45217514038086
909000,0.8999999761581421,0.1000000014901161,0.0,7.053035259246826
910000,1.0,0.0,0.0,9.446581840515137
911000,1.0,0.0,0.0,9.593756675720217
912000,1.0,0.0,0.0,9.42534351348877
913000,1.0,0.0,0.0,9.482044219970703
914000,1.0,0.0,0.0,9.337289810180664
915000,1.0,0.0,0.0,9.520337104797363
916000,1.0,0.0,0.0,9.371517181396484
917000,1.0,0.0,0.0,9.524415016174316
918000,1.0,0.0,0.0,9.571924209594728
919000,1.0,0.0,0.0,9.45688533782959
920000,1.0,0.0,0.0,9.477987289428713
921000,1.0,0.0,0.0,9.445894241333008
922000,1.0,0.0,0.0,9.192178726196287
923000,1.0,0.0,0.0,9.320247650146484
924000,1.0,0.0,0.0,9.486811637878418
925000,1.0,0.0,0.0,9.582908630371094
926000,1.0,0.0,0.0,9.497044563293455
927000,1.0,0.0,0.0,9.504247665405272
928000,1.0,0.0,0.0,9.463451385498049
929000,1.0,0.0,0.0,9.513916015625
930000,1.0,0.0,0.0,9.38987159729004
931000,1.0,0.0,0.0,9.416272163391112
932000,1.0,0.0,0.0,9.47420597076416
933000,1.0,0.0,0.0,9.604631423950195
934000,0.800000011920929,0.1000000014901161,0.1000000014901161,5.922320365905762
935000,1.0,0.0,0.0,9.577629089355469
936000,1.0,0.0,0.0,9.449110984802246
937000,1.0,0.0,0.0,9.42970371246338
938000,1.0,0.0,0.0,9.49567699432373
939000,1.0,0.0,0.0,9.426142692565918
940000,1.0,0.0,0.0,9.409106254577637
941000,0.8999999761581421,0.1000000014901161,0.0,7.309800624847412
942000,1.0,0.0,0.0,9.408096313476562
943000,1.0,0.0,0.0,9.417966842651367
944000,0.8999999761581421,0.1000000014901161,0.0,7.2498250007629395
945000,1.0,0.0,0.0,9.455774307250977
946000,1.0,0.0,0.0,9.364012718200684
947000,1.0,0.0,0.0,9.441896438598633
948000,1.0,0.0,0.0,9.452454566955566
949000,1.0,0.0,0.0,9.659309387207031
950000,1.0,0.0,0.0,9.344491004943848
951000,1.0,0.0,0.0,9.646844863891602
952000,1.0,0.0,0.0,9.499963760375977
953000,1.0,0.0,0.0,9.598691940307615
954000,1.0,0.0,0.0,9.522943496704102
955000,1.0,0.0,0.0,9.57953643798828
956000,1.0,0.0,0.0,9.450408935546877
957000,1.0,0.0,0.0,9.469704627990724
958000,1.0,0.0,0.0,9.493659019470217
959000,1.0,0.0,0.0,9.50697898864746
960000,1.0,0.0,0.0,9.512414932250977
961000,1.0,0.0,0.0,9.632184028625488
962000,1.0,0.0,0.0,9.524617195129396
963000,1.0,0.0,0.0,9.507309913635254
964000,1.0,0.0,0.0,9.491464614868164
965000,1.0,0.0,0.0,9.366024017333984
966000,1.0,0.0,0.0,9.536704063415527
967000,1.0,0.0,0.0,9.616803169250488
968000,1.0,0.0,0.0,9.453536987304688
969000,1.0,0.0,0.0,9.550439834594728
970000,1.0,0.0,0.0,9.505873680114746
971000,1.0,0.0,0.0,9.516525268554688
972000,1.0,0.0,0.0,9.336674690246582
973000,1.0,0.0,0.0,9.47819709777832
974000,1.0,0.0,0.0,9.646724700927734
975000,1.0,0.0,0.0,9.477416038513184
976000,1.0,0.0,0.0,9.473569869995115
977000,1.0,0.0,0.0,9.480229377746582
978000,1.0,0.0,0.0,9.449411392211914
979000,1.0,0.0,0.0,9.568408966064451
980000,1.0,0.0,0.0,9.502492904663086
981000,1.0,0.0,0.0,9.317863464355469
982000,1.0,0.0,0.0,9.616409301757812
983000,1.0,0.0,0.0,9.510432243347168
984000,1.0,0.0,0.0,9.37682056427002
985000,1.0,0.0,0.0,9.307817459106444
986000,1.0,0.0,0.0,9.453750610351562
987000,1.0,0.0,0.0,9.509164810180664
988000,1.0,0.0,0.0,9.604158401489258
989000,1.0,0.0,0.0,9.557395935058594
990000,1.0,0.0,0.0,9.399603843688965
991000,1.0,0.0,0.0,9.45405101776123
992000,1.0,0.0,0.0,9.472105026245115
993000,1.0,0.0,0.0,9.45273208618164
994000,1.0,0.0,0.0,9.492140769958496
995000,1.0,0.0,0.0,9.426617622375488
996000,1.0,0.0,0.0,9.544334411621094
997000,1.0,0.0,0.0,9.549588203430176
998000,1.0,0.0,0.0,9.50490951538086
999000,1.0,0.0,0.0,9.59411334991455
1000000,1.0,0.0,0.0,9.441572189331056
